pos_X,pos_Y,pos_Z
3.169334232807159424e-01,-3.313426077365875244e-01,9.063546061515808105e-01
3.169334232807159424e-01,-3.313425779342651367e-01,9.063546657562255859e-01
