joint_0,joint_1,joint_2,joint_3,joint_4,joint_5,joint_6
7.860198616981506348e-01,2.763801952823996544e-03,1.326414823532104492e+00,1.222343802452087402e+00,1.605731725692749023e+00,-9.075863361358642578e-01,1.570729613304138184e+00
7.860198616981506348e-01,2.763861790299415588e-03,1.326414704322814941e+00,1.222343802452087402e+00,1.605731844902038574e+00,-9.075865149497985840e-01,1.570729613304138184e+00
