joint_0,joint_1,joint_2,joint_3,joint_4,joint_5,joint_6
0.000000000000000000e+00,1.197732217406155542e-05,0.000000000000000000e+00,-2.395464434812311083e-05,-1.916371547849848866e-05,5.990842691971920431e-05,3.595378439058549702e-05
0.000000000000000000e+00,1.197732217406155542e-05,-2.395464434812311083e-05,0.000000000000000000e+00,3.836233736365102232e-05,-3.595378075260668993e-05,0.000000000000000000e+00
