joint_0,joint_1,joint_2,joint_3,joint_4,joint_5,joint_6
7.678995728492736816e-01,-1.282600034028291702e-02,1.333302736282348633e+00,1.220003962516784668e+00,1.615851640701293945e+00,-8.950862288475036621e-01,1.556949853897094727e+00
7.534037232398986816e-01,-2.523482963442802429e-02,1.339046001434326172e+00,1.218041658401489258e+00,1.623978376388549805e+00,-8.851537108421325684e-01,1.545976877212524414e+00
