lin_vel_X,lin_vel_Y,lin_vel_Z
4.071011971973348409e-06,-5.525858796318061650e-06,-2.414124719507526606e-05
-3.308005034341476858e-06,2.624530452521867119e-06,2.596104877738980576e-06
